file|page_type|service_id|secondary_service_id
about-us.html|about||
adult-orthodontics.html|service_page|braces|
blog-braces-vs-invisalign.html|blog|braces|invisalign
blog-calcification.html|blog|general_dentistry|
blog-cbct-scan.html|blog|implants|
blog-child-smile.html|blog|pediatric|
blog-dental-anxiety.html|blog|general_dentistry|
blog-emax-vs-zirconia.html|blog|veneers|crowns_bridges
blog-endocrown-vs-crown.html|blog|crowns_bridges|root_canal
blog-gingivitis-vs-periodontitis.html|blog|gum_non_cosmetic|
blog-gum-contouring-before-veneers.html|blog|gum_cosmetic|veneers
blog-gum-contouring.html|blog|gum_cosmetic|
blog-gum-issues.html|blog|gum_non_cosmetic|
blog-gummy-smile.html|blog|gum_cosmetic|
blog-how-many-veneers.html|blog|veneers|
blog-implant-candidate.html|blog|implants|
blog-implant-journey.html|blog|implants|
blog-implant-materials.html|blog|implants|
blog-implant-vs-denture.html|blog|implants|crowns_bridges
blog-implants-guide.html|blog|implants|
blog-invisalign-severe-cases.html|blog|invisalign|
blog-invisalign-vs-braces-adults.html|blog|invisalign|braces
blog-jaw-clicking.html|blog|tmj|
blog-jaw-pain-chewing.html|blog|tmj|
blog-missing-tooth-consequences.html|blog|implants|
blog-professional-vs-home-whitening.html|blog|whitening|
blog-receding-gums.html|blog|gum_non_cosmetic|
blog-root-canal-vs-extraction.html|blog|root_canal|oral_surgery
blog-root-canal.html|blog|root_canal|
blog-same-day-vs-traditional-implants.html|blog|implants|
blog-scaling-vs-cleaning.html|blog|general_dentistry|
blog-smile-makeover.html|blog|veneers|
blog-space-maintainer.html|blog|pediatric|
blog-surgical-extraction.html|blog|oral_surgery|
blog-teeth-grinding-jaw-pain.html|blog|tmj|
blog-tmj-disorder.html|blog|tmj|
blog-tmj-headaches.html|blog|tmj|
blog-tmj-treatment-without-surgery.html|blog|tmj|
blog-tooth-pain-explained.html|blog|root_canal|
blog-veneers-damage-teeth.html|blog|veneers|
blog-veneers-vs-invisalign.html|blog|veneers|invisalign
blog-zoom-vs-nano.html|blog|whitening|
blog.html|listing||
bone-grafting.html|service_page|implants|
braces-abu-dhabi.html|service_page|braces|
case-ammar-anterior.html|case_study|veneers|
case-ammar-bridge.html|case_study|crowns_bridges|
case-ammar-combined.html|case_study|implants|
case-ammar-fullarch.html|case_study|implants|
case-ammar-veneers.html|case_study|veneers|
case-amr-ivan.html|case_study|braces|
case-amr-manal.html|case_study|braces|
case-amr-manea.html|case_study|braces|
case-amr-msyead.html|case_study|braces|
case-amr-yani.html|case_study|braces|
case-hussien-extraction.html|case_study|oral_surgery|
case-hussien-fullarch.html|case_study|implants|
case-hussien-ortho.html|case_study|braces|oral_surgery
case-hussien-phobic.html|case_study|implants|
case-hussien-rehab.html|case_study|full_rehab|
case-hussien-sinus.html|case_study|implants|
case-prosthodontic.html|case_study|crowns_bridges|
case-pulpectomy.html|case_study|pediatric|
case-restoration.html|case_study|general_dentistry|
case-salim-endodontic.html|case_study|root_canal|
case-salim-fullmouth.html|case_study|full_rehab|
case-salim-restorative.html|case_study|general_dentistry|
case-salim-smile.html|case_study|veneers|
case-salim-veneers.html|case_study|veneers|
case-studies.html|listing||
case-veneers.html|case_study|veneers|
case-whitening.html|case_study|whitening|
cbct-guided-implant-surgery.html|service_page|implants|
children-orthodontics.html|service_page|braces|
composite-veneers.html|service_page|veneers|
contact.html|contact||
cosmetic-gum-treatment.html|service_page|gum_cosmetic|
dental-bridges-abu-dhabi.html|service_page|crowns_bridges|
dental-crowns-abu-dhabi.html|service_page|crowns_bridges|
dental-implants.html|service_page|implants|
dentures-abu-dhabi.html|service_page|crowns_bridges|
digital-smile-design.html|service_page|veneers|
dr-ammar.html|doctor_profile||
dr-amr.html|doctor_profile||
dr-asmaa.html|doctor_profile||
dr-emad.html|doctor_profile||
dr-hussien.html|doctor_profile||
dr-salim.html|doctor_profile||
emergency-dental-abu-dhabi.html|service_page|emergency|
first-dental-visit.html|service_page|pediatric|
fissure-sealants-abu-dhabi.html|service_page|pediatric|
full-arch-implants.html|service_page|implants|
full-mouth-rehabilitation.html|service_page|full_rehab|
gallery.html|about||
hollywood-smile.html|service_page|veneers|
immediate-dental-implants.html|service_page|implants|
implant-cost-abu-dhabi.html|service_page|implants|
implant-recovery.html|service_page|implants|
implant-vs-bridge.html|service_page|implants|crowns_bridges
index.html|home||
insurance.html|pricing||
invisalign-abu-dhabi.html|service_page|invisalign|
invisalign-vs-braces.html|service_page|invisalign|braces
lp-braces.html|landing_page|braces|
lp-cosmetic-gum.html|landing_page|gum_cosmetic|
lp-emergency.html|landing_page|emergency|
lp-full-rehab.html|landing_page|full_rehab|
lp-implants.html|landing_page|implants|
lp-invisalign.html|landing_page|invisalign|
lp-pediatric.html|landing_page|pediatric|
lp-periodontal.html|landing_page|gum_non_cosmetic|
lp-root-canal.html|landing_page|root_canal|
lp-surgery.html|landing_page|oral_surgery|
lp-tmj.html|landing_page|tmj|
lp-veneers.html|landing_page|veneers|
lp-whitening.html|landing_page|whitening|
medical-tourism.html|about||
oral-surgery-cost-abu-dhabi.html|service_page|oral_surgery|
oral-surgery.html|service_page|oral_surgery|
orthodontic-retainers.html|service_page|braces|
orthodontics-cost-abu-dhabi.html|service_page|braces|
orthodontics.html|service_page|braces|
pediatric-dental-cost-abu-dhabi.html|service_page|pediatric|
pediatric.html|service_page|pediatric|
periodontal-treatment.html|service_page|gum_non_cosmetic|
porcelain-veneers.html|service_page|veneers|
privacy.html|legal||
prosthodontics-cost-abu-dhabi.html|service_page|crowns_bridges|
prosthodontics.html|service_page|crowns_bridges|
restoration.html|service_page|general_dentistry|
root-canal-cost-abu-dhabi.html|service_page|root_canal|
root-canal-retreatment.html|service_page|root_canal|
root-canal.html|service_page|root_canal|
scaling.html|service_page|general_dentistry|
services.html|listing||
single-tooth-implant.html|service_page|implants|
smile-design.html|service_page|veneers|
terms.html|legal||
tmj-treatment.html|service_page|tmj|
tooth-extraction-abu-dhabi.html|service_page|oral_surgery|
veneer-aftercare.html|service_page|veneers|
veneers-cost-abu-dhabi.html|service_page|veneers|
veneers-vs-crowns.html|service_page|veneers|crowns_bridges
whitening-aftercare.html|service_page|whitening|
whitening-cost-abu-dhabi.html|service_page|whitening|
whitening.html|service_page|whitening|
why-us.html|about||
wisdom-tooth-extraction.html|service_page|oral_surgery|
zoom-whitening-abu-dhabi.html|service_page|whitening|
